GROUP,PACKAGE,CLASS,INSTRUCTION_MISSED,INSTRUCTION_COVERED,BRANCH_MISSED,BRANCH_COVERED,LINE_MISSED,LINE_COVERED,COMPLEXITY_MISSED,COMPLEXITY_COVERED,METHOD_MISSED,METHOD_COVERED
gateway,com.clairepay.gateway.controller,PayerController,0,20,0,0,0,6,0,4,0,4
gateway,com.clairepay.gateway.controller,PaymentsController,0,35,0,0,0,10,0,5,0,5
gateway,com.clairepay.gateway.controller,MerchantController,0,15,0,0,0,5,0,3,0,3
gateway,com.clairepay.gateway.filter,RequestFilter,32,7,0,0,12,2,1,2,1,2
gateway,com.clairepay.gateway.filter,ThreadLocalRequest,7,9,0,0,4,2,2,2,2,2
gateway,com.clairepay.gateway.dto,PaymentResponse,219,49,46,0,2,11,30,10,7,10
gateway,com.clairepay.gateway.dto,PaymentResponse.PaymentResponseBuilder,54,0,0,0,1,0,8,0,8,0
gateway,com.clairepay.gateway.dto,PaymentsDTO,296,0,54,0,9,0,45,0,18,0
gateway,com.clairepay.gateway.dto,Expiry,50,74,15,7,0,5,12,9,1,9
gateway,com.clairepay.gateway.dto,ChargeCard,321,27,58,0,11,1,50,1,21,1
gateway,com.clairepay.gateway.dto,PayerDTO,103,107,27,11,1,7,21,12,2,12
gateway,com.clairepay.gateway.dto,Card,56,85,11,7,0,6,10,11,1,11
gateway,com.clairepay.gateway.dto,PaymentMethodDTO,31,50,9,5,0,5,8,7,1,7
gateway,com.clairepay.gateway.dto,PaymentRequest,145,236,45,17,0,27,32,21,1,21
gateway,com.clairepay.gateway.dto,MerchantDTO,235,0,46,0,6,0,38,0,15,0
gateway,com.clairepay.gateway.dto,MpesaQueue,258,22,46,0,13,2,39,1,16,1
gateway,com.clairepay.gateway.service,MerchantService,26,29,0,0,7,11,1,3,1,3
gateway,com.clairepay.gateway.service,ConsumeChargeCardService,34,10,0,0,6,4,1,2,1,2
gateway,com.clairepay.gateway.service,PayerService,22,28,0,0,6,9,1,4,1,4
gateway,com.clairepay.gateway.service,PaymentService,63,498,5,35,13,116,6,34,1,19
gateway,com.clairepay.gateway.config,CardDetailsConfig,27,0,0,0,6,0,3,0,3,0
gateway,com.clairepay.gateway.config,PaymentMethodsConfig,0,23,0,0,0,6,0,3,0,3
gateway,com.clairepay.gateway.config,MerchantConfig,0,31,0,0,0,6,0,3,0,3
gateway,com.clairepay.gateway.config,PayerConfig,0,29,0,0,0,6,0,3,0,3
gateway,com.clairepay.gateway.validation,UniqueEmailValidator,2,14,2,2,1,3,2,2,0,2
gateway,com.clairepay.gateway.error,InvalidParameterException,0,4,0,0,0,2,0,1,0,1
gateway,com.clairepay.gateway.error,RestExceptionHandler,106,9,7,1,32,2,8,2,4,2
gateway,com.clairepay.gateway.error,ApiErrorCode,2,65,1,3,1,12,1,5,0,4
gateway,com.clairepay.gateway.messaging,MpesaConsumer,5,7,0,0,2,2,1,2,1,2
gateway,com.clairepay.gateway.messaging,RabbitMQConfig,0,35,0,0,0,8,0,6,0,6
gateway,com.clairepay.gateway,GatewayApplication,5,7,0,0,2,2,1,2,1,2
gateway,com.clairepay.gateway.models,PaymentsStatus,0,21,0,0,0,4,0,1,0,1
gateway,com.clairepay.gateway.models,Merchant,319,66,69,1,0,19,45,12,10,12
gateway,com.clairepay.gateway.models,PaymentMethod,141,30,29,1,1,10,22,6,7,6
gateway,com.clairepay.gateway.models,Payer,45,83,9,1,5,22,8,15,3,15
gateway,com.clairepay.gateway.models,Payments,364,61,78,0,9,12,46,17,7,17
gateway,com.clairepay.gateway.models,CardDetails,173,3,30,0,13,2,27,1,12,1
